item_id,tiers,billable_calls,cost_extraction_usd,cost_ocr_fallback_usd,cost_total_usd,input_tokens,cached_tokens,output_tokens,image_tokens
BC-0688,terra,2,0.150817,0.101310,0.252128,75237,0,4269,0
BC-0692,terra,2,0.086688,0.050695,0.137382,34745,0,3368,0
BC-0694,terra,2,0.080910,0.047075,0.127985,35492,0,2617,0
BC-0695,terra,2,0.087373,0.051305,0.138678,35233,0,3373,0
BC-0696,terra,2,0.069632,0.045020,0.114652,35853,0,1668,0
BC-0697,terra,2,0.076545,0.037178,0.113723,23931,0,3593,0
BC-0698,terra,2,0.163208,0.111405,0.274613,83313,0,4422,0
BC-0699,terra,2,0.074115,0.050315,0.124430,35588,0,2364,0
BC-0703,terra,2,0.078327,0.044065,0.122392,35007,0,2325,0
BC-0708,terra,2,0.063385,0.040403,0.103788,32419,0,1516,0
BC-0710,terra,2,0.073050,0.051037,0.124088,35019,0,2436,0
BC-0711,terra,2,0.081900,0.051037,0.132937,35019,0,3026,0
BC-0713,terra,2,0.080305,0.043673,0.123978,35233,0,2393,0
BC-0714,terra,2,0.065930,0.042395,0.108325,35362,0,1328,0
BC-0716,terra,2,0.074205,0.043790,0.117995,35438,0,1960,0
BC-0718,terra,2,0.083337,0.050618,0.133955,35420,0,3027,0
BC-0897,terra,3,0.318265,0.101840,0.420105,115986,0,8676,0
BC-0926,terra,2,0.119038,0.091775,0.210813,67609,0,2786,0
BC-0934,terra,2,0.115437,0.101840,0.217278,75661,0,1875,0

TOTAL,,,,,3.099242
AVG_PER_IMAGE,,,,,0.163118
